"fk_parti_id","parti_code","genre_uri","annee_naissance","parti_code"
0,PS,http://www.wikidata.org/entity/Q6581072,1926,PS
0,PS,http://www.wikidata.org/entity/Q6581072,1927,PS
0,PS,http://www.wikidata.org/entity/Q6581072,1928,PS
0,PS,http://www.wikidata.org/entity/Q6581072,1929,PS
0,PS,http://www.wikidata.org/entity/Q6581072,1931,PS
0,PS,http://www.wikidata.org/entity/Q6581072,1935,PS
0,PS,http://www.wikidata.org/entity/Q6581072,1936,PS
0,PS,http://www.wikidata.org/entity/Q6581072,1937,PS
0,PS,http://www.wikidata.org/entity/Q6581072,1938,PS
0,PS,http://www.wikidata.org/entity/Q6581072,1941,PS
0,PS,http://www.wikidata.org/entity/Q6581072,1941,PS
0,PS,http://www.wikidata.org/entity/Q6581072,1941,PS
0,PS,http://www.wikidata.org/entity/Q6581072,1943,PS
0,PS,http://www.wikidata.org/entity/Q6581072,1943,PS
0,PS,http://www.wikidata.org/entity/Q6581072,1943,PS
0,PS,http://www.wikidata.org/entity/Q6581072,1944,PS
0,PS,http://www.wikidata.org/entity/Q6581072,1945,PS
0,PS,http://www.wikidata.org/entity/Q6581072,1946,PS
0,PS,http://www.wikidata.org/entity/Q6581072,1946,PS
0,PS,http://www.wikidata.org/entity/Q6581072,1947,PS
0,PS,http://www.wikidata.org/entity/Q6581072,1947,PS
0,PS,http://www.wikidata.org/entity/Q6581072,1948,PS
0,PS,http://www.wikidata.org/entity/Q6581072,1948,PS
0,PS,http://www.wikidata.org/entity/Q6581072,1949,PS
0,PS,http://www.wikidata.org/entity/Q6581072,1949,PS
0,PS,http://www.wikidata.org/entity/Q6581072,1949,PS
0,PS,http://www.wikidata.org/entity/Q6581072,1949,PS
0,PS,http://www.wikidata.org/entity/Q6581072,1950,PS
0,PS,http://www.wikidata.org/entity/Q6581072,1951,PS
0,PS,http://www.wikidata.org/entity/Q6581072,1951,PS
0,PS,http://www.wikidata.org/entity/Q6581072,1951,PS
0,PS,http://www.wikidata.org/entity/Q6581072,1951,PS
0,PS,http://www.wikidata.org/entity/Q6581072,1951,PS
0,PS,http://www.wikidata.org/entity/Q6581072,1951,PS
0,PS,http://www.wikidata.org/entity/Q6581072,1952,PS
0,PS,http://www.wikidata.org/entity/Q6581072,1952,PS
0,PS,http://www.wikidata.org/entity/Q6581072,1953,PS
0,PS,http://www.wikidata.org/entity/Q6581072,1953,PS
0,PS,http://www.wikidata.org/entity/Q6581072,1954,PS
0,PS,http://www.wikidata.org/entity/Q6581072,1954,PS
0,PS,http://www.wikidata.org/entity/Q6581072,1954,PS
0,PS,http://www.wikidata.org/entity/Q6581072,1955,PS
0,PS,http://www.wikidata.org/entity/Q6581072,1955,PS
0,PS,http://www.wikidata.org/entity/Q6581072,1955,PS
0,PS,http://www.wikidata.org/entity/Q6581072,1955,PS
0,PS,http://www.wikidata.org/entity/Q6581072,1956,PS
0,PS,http://www.wikidata.org/entity/Q6581072,1956,PS
0,PS,http://www.wikidata.org/entity/Q6581072,1957,PS
0,PS,http://www.wikidata.org/entity/Q6581072,1957,PS
0,PS,http://www.wikidata.org/entity/Q6581072,1959,PS
0,PS,http://www.wikidata.org/entity/Q6581072,1960,PS
0,PS,http://www.wikidata.org/entity/Q6581072,1960,PS
0,PS,http://www.wikidata.org/entity/Q6581072,1961,PS
0,PS,http://www.wikidata.org/entity/Q6581072,1961,PS
0,PS,http://www.wikidata.org/entity/Q6581072,1963,PS
0,PS,http://www.wikidata.org/entity/Q6581072,1964,PS
0,PS,http://www.wikidata.org/entity/Q6581072,1964,PS
0,PS,http://www.wikidata.org/entity/Q6581072,1966,PS
0,PS,http://www.wikidata.org/entity/Q6581072,1966,PS
0,PS,http://www.wikidata.org/entity/Q6581072,1966,PS
0,PS,http://www.wikidata.org/entity/Q6581072,1966,PS
0,PS,http://www.wikidata.org/entity/Q6581072,1967,PS
0,PS,http://www.wikidata.org/entity/Q6581072,1968,PS
0,PS,http://www.wikidata.org/entity/Q6581072,1968,PS
0,PS,http://www.wikidata.org/entity/Q6581072,1972,PS
0,PS,http://www.wikidata.org/entity/Q6581072,1973,PS
0,PS,http://www.wikidata.org/entity/Q6581072,1973,PS
0,PS,http://www.wikidata.org/entity/Q6581072,1973,PS
0,PS,http://www.wikidata.org/entity/Q6581072,1973,PS
0,PS,http://www.wikidata.org/entity/Q6581072,1974,PS
0,PS,http://www.wikidata.org/entity/Q6581072,1975,PS
0,PS,http://www.wikidata.org/entity/Q6581072,1975,PS
0,PS,http://www.wikidata.org/entity/Q6581072,1977,PS
0,PS,http://www.wikidata.org/entity/Q6581072,1978,PS
0,PS,http://www.wikidata.org/entity/Q6581072,1978,PS
0,PS,http://www.wikidata.org/entity/Q6581072,1978,PS
0,PS,http://www.wikidata.org/entity/Q6581072,1979,PS
0,PS,http://www.wikidata.org/entity/Q6581072,1979,PS
0,PS,http://www.wikidata.org/entity/Q6581072,1982,PS
0,PS,http://www.wikidata.org/entity/Q6581072,1983,PS
0,PS,http://www.wikidata.org/entity/Q6581072,1984,PS
0,PS,http://www.wikidata.org/entity/Q6581072,1987,PS
0,PS,http://www.wikidata.org/entity/Q6581072,1989,PS
0,PS,http://www.wikidata.org/entity/Q6581072,1990,PS
0,PS,http://www.wikidata.org/entity/Q6581072,1991,PS
0,PS,http://www.wikidata.org/entity/Q6581072,1994,PS
0,PS,http://www.wikidata.org/entity/Q6581097,1901,PS
0,PS,http://www.wikidata.org/entity/Q6581097,1901,PS
0,PS,http://www.wikidata.org/entity/Q6581097,1901,PS
0,PS,http://www.wikidata.org/entity/Q6581097,1901,PS
0,PS,http://www.wikidata.org/entity/Q6581097,1902,PS
0,PS,http://www.wikidata.org/entity/Q6581097,1902,PS
0,PS,http://www.wikidata.org/entity/Q6581097,1902,PS
0,PS,http://www.wikidata.org/entity/Q6581097,1903,PS
0,PS,http://www.wikidata.org/entity/Q6581097,1904,PS
0,PS,http://www.wikidata.org/entity/Q6581097,1904,PS
0,PS,http://www.wikidata.org/entity/Q6581097,1905,PS
0,PS,http://www.wikidata.org/entity/Q6581097,1905,PS
0,PS,http://www.wikidata.org/entity/Q6581097,1905,PS
0,PS,http://www.wikidata.org/entity/Q6581097,1906,PS
0,PS,http://www.wikidata.org/entity/Q6581097,1906,PS
0,PS,http://www.wikidata.org/entity/Q6581097,1907,PS
0,PS,http://www.wikidata.org/entity/Q6581097,1907,PS
0,PS,http://www.wikidata.org/entity/Q6581097,1907,PS
0,PS,http://www.wikidata.org/entity/Q6581097,1908,PS
0,PS,http://www.wikidata.org/entity/Q6581097,1908,PS
0,PS,http://www.wikidata.org/entity/Q6581097,1908,PS
0,PS,http://www.wikidata.org/entity/Q6581097,1908,PS
0,PS,http://www.wikidata.org/entity/Q6581097,1908,PS
0,PS,http://www.wikidata.org/entity/Q6581097,1909,PS
0,PS,http://www.wikidata.org/entity/Q6581097,1910,PS
0,PS,http://www.wikidata.org/entity/Q6581097,1910,PS
0,PS,http://www.wikidata.org/entity/Q6581097,1911,PS
0,PS,http://www.wikidata.org/entity/Q6581097,1911,PS
0,PS,http://www.wikidata.org/entity/Q6581097,1912,PS
0,PS,http://www.wikidata.org/entity/Q6581097,1912,PS
0,PS,http://www.wikidata.org/entity/Q6581097,1913,PS
0,PS,http://www.wikidata.org/entity/Q6581097,1914,PS
0,PS,http://www.wikidata.org/entity/Q6581097,1914,PS
0,PS,http://www.wikidata.org/entity/Q6581097,1915,PS
0,PS,http://www.wikidata.org/entity/Q6581097,1916,PS
0,PS,http://www.wikidata.org/entity/Q6581097,1916,PS
0,PS,http://www.wikidata.org/entity/Q6581097,1916,PS
0,PS,http://www.wikidata.org/entity/Q6581097,1916,PS
0,PS,http://www.wikidata.org/entity/Q6581097,1916,PS
0,PS,http://www.wikidata.org/entity/Q6581097,1917,PS
0,PS,http://www.wikidata.org/entity/Q6581097,1917,PS
0,PS,http://www.wikidata.org/entity/Q6581097,1918,PS
0,PS,http://www.wikidata.org/entity/Q6581097,1920,PS
0,PS,http://www.wikidata.org/entity/Q6581097,1921,PS
0,PS,http://www.wikidata.org/entity/Q6581097,1921,PS
0,PS,http://www.wikidata.org/entity/Q6581097,1921,PS
0,PS,http://www.wikidata.org/entity/Q6581097,1921,PS
0,PS,http://www.wikidata.org/entity/Q6581097,1921,PS
0,PS,http://www.wikidata.org/entity/Q6581097,1922,PS
0,PS,http://www.wikidata.org/entity/Q6581097,1922,PS
0,PS,http://www.wikidata.org/entity/Q6581097,1923,PS
0,PS,http://www.wikidata.org/entity/Q6581097,1923,PS
0,PS,http://www.wikidata.org/entity/Q6581097,1924,PS
0,PS,http://www.wikidata.org/entity/Q6581097,1925,PS
0,PS,http://www.wikidata.org/entity/Q6581097,1925,PS
0,PS,http://www.wikidata.org/entity/Q6581097,1926,PS
0,PS,http://www.wikidata.org/entity/Q6581097,1926,PS
0,PS,http://www.wikidata.org/entity/Q6581097,1927,PS
0,PS,http://www.wikidata.org/entity/Q6581097,1927,PS
0,PS,http://www.wikidata.org/entity/Q6581097,1927,PS
0,PS,http://www.wikidata.org/entity/Q6581097,1928,PS
0,PS,http://www.wikidata.org/entity/Q6581097,1928,PS
0,PS,http://www.wikidata.org/entity/Q6581097,1928,PS
0,PS,http://www.wikidata.org/entity/Q6581097,1929,PS
0,PS,http://www.wikidata.org/entity/Q6581097,1929,PS
0,PS,http://www.wikidata.org/entity/Q6581097,1930,PS
0,PS,http://www.wikidata.org/entity/Q6581097,1931,PS
0,PS,http://www.wikidata.org/entity/Q6581097,1932,PS
0,PS,http://www.wikidata.org/entity/Q6581097,1932,PS
0,PS,http://www.wikidata.org/entity/Q6581097,1932,PS
0,PS,http://www.wikidata.org/entity/Q6581097,1932,PS
0,PS,http://www.wikidata.org/entity/Q6581097,1933,PS
0,PS,http://www.wikidata.org/entity/Q6581097,1934,PS
0,PS,http://www.wikidata.org/entity/Q6581097,1935,PS
0,PS,http://www.wikidata.org/entity/Q6581097,1935,PS
0,PS,http://www.wikidata.org/entity/Q6581097,1936,PS
0,PS,http://www.wikidata.org/entity/Q6581097,1936,PS
0,PS,http://www.wikidata.org/entity/Q6581097,1937,PS
0,PS,http://www.wikidata.org/entity/Q6581097,1938,PS
0,PS,http://www.wikidata.org/entity/Q6581097,1938,PS
0,PS,http://www.wikidata.org/entity/Q6581097,1938,PS
0,PS,http://www.wikidata.org/entity/Q6581097,1938,PS
0,PS,http://www.wikidata.org/entity/Q6581097,1939,PS
0,PS,http://www.wikidata.org/entity/Q6581097,1941,PS
0,PS,http://www.wikidata.org/entity/Q6581097,1941,PS
0,PS,http://www.wikidata.org/entity/Q6581097,1941,PS
0,PS,http://www.wikidata.org/entity/Q6581097,1942,PS
0,PS,http://www.wikidata.org/entity/Q6581097,1942,PS
0,PS,http://www.wikidata.org/entity/Q6581097,1943,PS
0,PS,http://www.wikidata.org/entity/Q6581097,1943,PS
0,PS,http://www.wikidata.org/entity/Q6581097,1943,PS
0,PS,http://www.wikidata.org/entity/Q6581097,1943,PS
0,PS,http://www.wikidata.org/entity/Q6581097,1944,PS
0,PS,http://www.wikidata.org/entity/Q6581097,1945,PS
0,PS,http://www.wikidata.org/entity/Q6581097,1945,PS
0,PS,http://www.wikidata.org/entity/Q6581097,1945,PS
0,PS,http://www.wikidata.org/entity/Q6581097,1945,PS
0,PS,http://www.wikidata.org/entity/Q6581097,1945,PS
0,PS,http://www.wikidata.org/entity/Q6581097,1946,PS
0,PS,http://www.wikidata.org/entity/Q6581097,1946,PS
0,PS,http://www.wikidata.org/entity/Q6581097,1946,PS
0,PS,http://www.wikidata.org/entity/Q6581097,1946,PS
0,PS,http://www.wikidata.org/entity/Q6581097,1946,PS
0,PS,http://www.wikidata.org/entity/Q6581097,1946,PS
0,PS,http://www.wikidata.org/entity/Q6581097,1947,PS
0,PS,http://www.wikidata.org/entity/Q6581097,1947,PS
0,PS,http://www.wikidata.org/entity/Q6581097,1948,PS
0,PS,http://www.wikidata.org/entity/Q6581097,1948,PS
0,PS,http://www.wikidata.org/entity/Q6581097,1948,PS
0,PS,http://www.wikidata.org/entity/Q6581097,1948,PS
0,PS,http://www.wikidata.org/entity/Q6581097,1949,PS
0,PS,http://www.wikidata.org/entity/Q6581097,1949,PS
0,PS,http://www.wikidata.org/entity/Q6581097,1950,PS
0,PS,http://www.wikidata.org/entity/Q6581097,1951,PS
0,PS,http://www.wikidata.org/entity/Q6581097,1951,PS
0,PS,http://www.wikidata.org/entity/Q6581097,1952,PS
0,PS,http://www.wikidata.org/entity/Q6581097,1952,PS
0,PS,http://www.wikidata.org/entity/Q6581097,1952,PS
0,PS,http://www.wikidata.org/entity/Q6581097,1952,PS
0,PS,http://www.wikidata.org/entity/Q6581097,1952,PS
0,PS,http://www.wikidata.org/entity/Q6581097,1952,PS
0,PS,http://www.wikidata.org/entity/Q6581097,1953,PS
0,PS,http://www.wikidata.org/entity/Q6581097,1954,PS
0,PS,http://www.wikidata.org/entity/Q6581097,1954,PS
0,PS,http://www.wikidata.org/entity/Q6581097,1954,PS
0,PS,http://www.wikidata.org/entity/Q6581097,1954,PS
0,PS,http://www.wikidata.org/entity/Q6581097,1955,PS
0,PS,http://www.wikidata.org/entity/Q6581097,1956,PS
0,PS,http://www.wikidata.org/entity/Q6581097,1956,PS
0,PS,http://www.wikidata.org/entity/Q6581097,1956,PS
0,PS,http://www.wikidata.org/entity/Q6581097,1957,PS
0,PS,http://www.wikidata.org/entity/Q6581097,1957,PS
0,PS,http://www.wikidata.org/entity/Q6581097,1957,PS
0,PS,http://www.wikidata.org/entity/Q6581097,1957,PS
0,PS,http://www.wikidata.org/entity/Q6581097,1957,PS
0,PS,http://www.wikidata.org/entity/Q6581097,1958,PS
0,PS,http://www.wikidata.org/entity/Q6581097,1959,PS
0,PS,http://www.wikidata.org/entity/Q6581097,1960,PS
0,PS,http://www.wikidata.org/entity/Q6581097,1961,PS
0,PS,http://www.wikidata.org/entity/Q6581097,1962,PS
0,PS,http://www.wikidata.org/entity/Q6581097,1962,PS
0,PS,http://www.wikidata.org/entity/Q6581097,1963,PS
0,PS,http://www.wikidata.org/entity/Q6581097,1964,PS
0,PS,http://www.wikidata.org/entity/Q6581097,1965,PS
0,PS,http://www.wikidata.org/entity/Q6581097,1965,PS
0,PS,http://www.wikidata.org/entity/Q6581097,1966,PS
0,PS,http://www.wikidata.org/entity/Q6581097,1967,PS
0,PS,http://www.wikidata.org/entity/Q6581097,1967,PS
0,PS,http://www.wikidata.org/entity/Q6581097,1968,PS
0,PS,http://www.wikidata.org/entity/Q6581097,1969,PS
0,PS,http://www.wikidata.org/entity/Q6581097,1970,PS
0,PS,http://www.wikidata.org/entity/Q6581097,1970,PS
0,PS,http://www.wikidata.org/entity/Q6581097,1973,PS
0,PS,http://www.wikidata.org/entity/Q6581097,1976,PS
0,PS,http://www.wikidata.org/entity/Q6581097,1979,PS
0,PS,http://www.wikidata.org/entity/Q6581097,1979,PS
0,PS,http://www.wikidata.org/entity/Q6581097,1980,PS
0,PS,http://www.wikidata.org/entity/Q6581097,1980,PS
0,PS,http://www.wikidata.org/entity/Q6581097,1981,PS
0,PS,http://www.wikidata.org/entity/Q6581097,1982,PS
0,PS,http://www.wikidata.org/entity/Q6581097,1982,PS
0,PS,http://www.wikidata.org/entity/Q6581097,1984,PS
0,PS,http://www.wikidata.org/entity/Q6581097,1985,PS
0,PS,http://www.wikidata.org/entity/Q6581097,1985,PS
0,PS,http://www.wikidata.org/entity/Q6581097,1986,PS
0,PS,http://www.wikidata.org/entity/Q6581097,1986,PS
0,PS,http://www.wikidata.org/entity/Q6581097,1987,PS
0,PS,http://www.wikidata.org/entity/Q6581097,1990,PS
1,PDC,http://www.wikidata.org/entity/Q6581072,1957,PDC
1,PDC,http://www.wikidata.org/entity/Q6581097,1901,PDC
1,PDC,http://www.wikidata.org/entity/Q6581097,1931,PDC
1,PDC,http://www.wikidata.org/entity/Q6581097,1942,PDC
1,PDC,http://www.wikidata.org/entity/Q6581097,1955,PDC
2,PAI,http://www.wikidata.org/entity/Q6581097,1901,PAI
2,PAI,http://www.wikidata.org/entity/Q6581097,1904,PAI
2,PAI,http://www.wikidata.org/entity/Q6581097,1907,PAI
2,PAI,http://www.wikidata.org/entity/Q6581097,1908,PAI
2,PAI,http://www.wikidata.org/entity/Q6581097,1910,PAI
2,PAI,http://www.wikidata.org/entity/Q6581097,1911,PAI
2,PAI,http://www.wikidata.org/entity/Q6581097,1913,PAI
2,PAI,http://www.wikidata.org/entity/Q6581097,1914,PAI
2,PAI,http://www.wikidata.org/entity/Q6581097,1915,PAI
2,PAI,http://www.wikidata.org/entity/Q6581097,1915,PAI
2,PAI,http://www.wikidata.org/entity/Q6581097,1920,PAI
2,PAI,http://www.wikidata.org/entity/Q6581097,1927,PAI
2,PAI,http://www.wikidata.org/entity/Q6581097,1929,PAI
2,PAI,http://www.wikidata.org/entity/Q6581097,1930,PAI
3,PRD,http://www.wikidata.org/entity/Q6581072,1912,PRD
3,PRD,http://www.wikidata.org/entity/Q6581072,1912,PRD
3,PRD,http://www.wikidata.org/entity/Q6581072,1914,PRD
3,PRD,http://www.wikidata.org/entity/Q6581072,1915,PRD
3,PRD,http://www.wikidata.org/entity/Q6581072,1922,PRD
3,PRD,http://www.wikidata.org/entity/Q6581072,1923,PRD
3,PRD,http://www.wikidata.org/entity/Q6581072,1926,PRD
3,PRD,http://www.wikidata.org/entity/Q6581072,1928,PRD
3,PRD,http://www.wikidata.org/entity/Q6581072,1932,PRD
3,PRD,http://www.wikidata.org/entity/Q6581072,1934,PRD
3,PRD,http://www.wikidata.org/entity/Q6581072,1936,PRD
3,PRD,http://www.wikidata.org/entity/Q6581072,1936,PRD
3,PRD,http://www.wikidata.org/entity/Q6581072,1937,PRD
3,PRD,http://www.wikidata.org/entity/Q6581072,1937,PRD
3,PRD,http://www.wikidata.org/entity/Q6581072,1938,PRD
3,PRD,http://www.wikidata.org/entity/Q6581072,1939,PRD
3,PRD,http://www.wikidata.org/entity/Q6581072,1939,PRD
3,PRD,http://www.wikidata.org/entity/Q6581072,1941,PRD
3,PRD,http://www.wikidata.org/entity/Q6581072,1941,PRD
3,PRD,http://www.wikidata.org/entity/Q6581072,1941,PRD
3,PRD,http://www.wikidata.org/entity/Q6581072,1942,PRD
3,PRD,http://www.wikidata.org/entity/Q6581072,1944,PRD
3,PRD,http://www.wikidata.org/entity/Q6581072,1945,PRD
3,PRD,http://www.wikidata.org/entity/Q6581072,1945,PRD
3,PRD,http://www.wikidata.org/entity/Q6581072,1946,PRD
3,PRD,http://www.wikidata.org/entity/Q6581072,1947,PRD
3,PRD,http://www.wikidata.org/entity/Q6581072,1947,PRD
3,PRD,http://www.wikidata.org/entity/Q6581072,1948,PRD
3,PRD,http://www.wikidata.org/entity/Q6581072,1948,PRD
3,PRD,http://www.wikidata.org/entity/Q6581072,1948,PRD
3,PRD,http://www.wikidata.org/entity/Q6581072,1949,PRD
3,PRD,http://www.wikidata.org/entity/Q6581072,1950,PRD
3,PRD,http://www.wikidata.org/entity/Q6581072,1950,PRD
3,PRD,http://www.wikidata.org/entity/Q6581072,1952,PRD
3,PRD,http://www.wikidata.org/entity/Q6581072,1952,PRD
3,PRD,http://www.wikidata.org/entity/Q6581072,1952,PRD
3,PRD,http://www.wikidata.org/entity/Q6581072,1954,PRD
3,PRD,http://www.wikidata.org/entity/Q6581072,1955,PRD
3,PRD,http://www.wikidata.org/entity/Q6581072,1955,PRD
3,PRD,http://www.wikidata.org/entity/Q6581072,1956,PRD
3,PRD,http://www.wikidata.org/entity/Q6581072,1957,PRD
3,PRD,http://www.wikidata.org/entity/Q6581072,1958,PRD
3,PRD,http://www.wikidata.org/entity/Q6581072,1958,PRD
3,PRD,http://www.wikidata.org/entity/Q6581072,1959,PRD
3,PRD,http://www.wikidata.org/entity/Q6581072,1961,PRD
3,PRD,http://www.wikidata.org/entity/Q6581072,1962,PRD
3,PRD,http://www.wikidata.org/entity/Q6581072,1963,PRD
3,PRD,http://www.wikidata.org/entity/Q6581072,1963,PRD
3,PRD,http://www.wikidata.org/entity/Q6581072,1965,PRD
3,PRD,http://www.wikidata.org/entity/Q6581072,1968,PRD
3,PRD,http://www.wikidata.org/entity/Q6581072,1971,PRD
3,PRD,http://www.wikidata.org/entity/Q6581097,1901,PRD
3,PRD,http://www.wikidata.org/entity/Q6581097,1901,PRD
3,PRD,http://www.wikidata.org/entity/Q6581097,1901,PRD
3,PRD,http://www.wikidata.org/entity/Q6581097,1901,PRD
3,PRD,http://www.wikidata.org/entity/Q6581097,1901,PRD
3,PRD,http://www.wikidata.org/entity/Q6581097,1901,PRD
3,PRD,http://www.wikidata.org/entity/Q6581097,1902,PRD
3,PRD,http://www.wikidata.org/entity/Q6581097,1902,PRD
3,PRD,http://www.wikidata.org/entity/Q6581097,1902,PRD
3,PRD,http://www.wikidata.org/entity/Q6581097,1902,PRD
3,PRD,http://www.wikidata.org/entity/Q6581097,1902,PRD
3,PRD,http://www.wikidata.org/entity/Q6581097,1903,PRD
3,PRD,http://www.wikidata.org/entity/Q6581097,1904,PRD
3,PRD,http://www.wikidata.org/entity/Q6581097,1905,PRD
3,PRD,http://www.wikidata.org/entity/Q6581097,1905,PRD
3,PRD,http://www.wikidata.org/entity/Q6581097,1906,PRD
3,PRD,http://www.wikidata.org/entity/Q6581097,1906,PRD
3,PRD,http://www.wikidata.org/entity/Q6581097,1907,PRD
3,PRD,http://www.wikidata.org/entity/Q6581097,1907,PRD
3,PRD,http://www.wikidata.org/entity/Q6581097,1907,PRD
3,PRD,http://www.wikidata.org/entity/Q6581097,1907,PRD
3,PRD,http://www.wikidata.org/entity/Q6581097,1907,PRD
3,PRD,http://www.wikidata.org/entity/Q6581097,1907,PRD
3,PRD,http://www.wikidata.org/entity/Q6581097,1908,PRD
3,PRD,http://www.wikidata.org/entity/Q6581097,1908,PRD
3,PRD,http://www.wikidata.org/entity/Q6581097,1908,PRD
3,PRD,http://www.wikidata.org/entity/Q6581097,1908,PRD
3,PRD,http://www.wikidata.org/entity/Q6581097,1908,PRD
3,PRD,http://www.wikidata.org/entity/Q6581097,1908,PRD
3,PRD,http://www.wikidata.org/entity/Q6581097,1908,PRD
3,PRD,http://www.wikidata.org/entity/Q6581097,1909,PRD
3,PRD,http://www.wikidata.org/entity/Q6581097,1909,PRD
3,PRD,http://www.wikidata.org/entity/Q6581097,1909,PRD
3,PRD,http://www.wikidata.org/entity/Q6581097,1909,PRD
3,PRD,http://www.wikidata.org/entity/Q6581097,1910,PRD
3,PRD,http://www.wikidata.org/entity/Q6581097,1910,PRD
3,PRD,http://www.wikidata.org/entity/Q6581097,1910,PRD
3,PRD,http://www.wikidata.org/entity/Q6581097,1911,PRD
3,PRD,http://www.wikidata.org/entity/Q6581097,1911,PRD
3,PRD,http://www.wikidata.org/entity/Q6581097,1911,PRD
3,PRD,http://www.wikidata.org/entity/Q6581097,1912,PRD
3,PRD,http://www.wikidata.org/entity/Q6581097,1912,PRD
3,PRD,http://www.wikidata.org/entity/Q6581097,1912,PRD
3,PRD,http://www.wikidata.org/entity/Q6581097,1912,PRD
3,PRD,http://www.wikidata.org/entity/Q6581097,1913,PRD
3,PRD,http://www.wikidata.org/entity/Q6581097,1913,PRD
3,PRD,http://www.wikidata.org/entity/Q6581097,1913,PRD
3,PRD,http://www.wikidata.org/entity/Q6581097,1914,PRD
3,PRD,http://www.wikidata.org/entity/Q6581097,1914,PRD
3,PRD,http://www.wikidata.org/entity/Q6581097,1914,PRD
3,PRD,http://www.wikidata.org/entity/Q6581097,1914,PRD
3,PRD,http://www.wikidata.org/entity/Q6581097,1915,PRD
3,PRD,http://www.wikidata.org/entity/Q6581097,1915,PRD
3,PRD,http://www.wikidata.org/entity/Q6581097,1915,PRD
3,PRD,http://www.wikidata.org/entity/Q6581097,1915,PRD
3,PRD,http://www.wikidata.org/entity/Q6581097,1915,PRD
3,PRD,http://www.wikidata.org/entity/Q6581097,1915,PRD
3,PRD,http://www.wikidata.org/entity/Q6581097,1916,PRD
3,PRD,http://www.wikidata.org/entity/Q6581097,1916,PRD
3,PRD,http://www.wikidata.org/entity/Q6581097,1916,PRD
3,PRD,http://www.wikidata.org/entity/Q6581097,1916,PRD
3,PRD,http://www.wikidata.org/entity/Q6581097,1916,PRD
3,PRD,http://www.wikidata.org/entity/Q6581097,1916,PRD
3,PRD,http://www.wikidata.org/entity/Q6581097,1916,PRD
3,PRD,http://www.wikidata.org/entity/Q6581097,1917,PRD
3,PRD,http://www.wikidata.org/entity/Q6581097,1917,PRD
3,PRD,http://www.wikidata.org/entity/Q6581097,1917,PRD
3,PRD,http://www.wikidata.org/entity/Q6581097,1917,PRD
3,PRD,http://www.wikidata.org/entity/Q6581097,1917,PRD
3,PRD,http://www.wikidata.org/entity/Q6581097,1917,PRD
3,PRD,http://www.wikidata.org/entity/Q6581097,1917,PRD
3,PRD,http://www.wikidata.org/entity/Q6581097,1917,PRD
3,PRD,http://www.wikidata.org/entity/Q6581097,1918,PRD
3,PRD,http://www.wikidata.org/entity/Q6581097,1918,PRD
3,PRD,http://www.wikidata.org/entity/Q6581097,1919,PRD
3,PRD,http://www.wikidata.org/entity/Q6581097,1919,PRD
3,PRD,http://www.wikidata.org/entity/Q6581097,1920,PRD
3,PRD,http://www.wikidata.org/entity/Q6581097,1920,PRD
3,PRD,http://www.wikidata.org/entity/Q6581097,1920,PRD
3,PRD,http://www.wikidata.org/entity/Q6581097,1920,PRD
3,PRD,http://www.wikidata.org/entity/Q6581097,1920,PRD
3,PRD,http://www.wikidata.org/entity/Q6581097,1920,PRD
3,PRD,http://www.wikidata.org/entity/Q6581097,1920,PRD
3,PRD,http://www.wikidata.org/entity/Q6581097,1921,PRD
3,PRD,http://www.wikidata.org/entity/Q6581097,1921,PRD
3,PRD,http://www.wikidata.org/entity/Q6581097,1921,PRD
3,PRD,http://www.wikidata.org/entity/Q6581097,1921,PRD
3,PRD,http://www.wikidata.org/entity/Q6581097,1922,PRD
3,PRD,http://www.wikidata.org/entity/Q6581097,1922,PRD
3,PRD,http://www.wikidata.org/entity/Q6581097,1923,PRD
3,PRD,http://www.wikidata.org/entity/Q6581097,1923,PRD
3,PRD,http://www.wikidata.org/entity/Q6581097,1923,PRD
3,PRD,http://www.wikidata.org/entity/Q6581097,1923,PRD
3,PRD,http://www.wikidata.org/entity/Q6581097,1923,PRD
3,PRD,http://www.wikidata.org/entity/Q6581097,1923,PRD
3,PRD,http://www.wikidata.org/entity/Q6581097,1923,PRD
3,PRD,http://www.wikidata.org/entity/Q6581097,1923,PRD
3,PRD,http://www.wikidata.org/entity/Q6581097,1924,PRD
3,PRD,http://www.wikidata.org/entity/Q6581097,1924,PRD
3,PRD,http://www.wikidata.org/entity/Q6581097,1924,PRD
3,PRD,http://www.wikidata.org/entity/Q6581097,1924,PRD
3,PRD,http://www.wikidata.org/entity/Q6581097,1924,PRD
3,PRD,http://www.wikidata.org/entity/Q6581097,1925,PRD
3,PRD,http://www.wikidata.org/entity/Q6581097,1925,PRD
3,PRD,http://www.wikidata.org/entity/Q6581097,1925,PRD
3,PRD,http://www.wikidata.org/entity/Q6581097,1925,PRD
3,PRD,http://www.wikidata.org/entity/Q6581097,1925,PRD
3,PRD,http://www.wikidata.org/entity/Q6581097,1925,PRD
3,PRD,http://www.wikidata.org/entity/Q6581097,1925,PRD
3,PRD,http://www.wikidata.org/entity/Q6581097,1925,PRD
3,PRD,http://www.wikidata.org/entity/Q6581097,1925,PRD
3,PRD,http://www.wikidata.org/entity/Q6581097,1925,PRD
3,PRD,http://www.wikidata.org/entity/Q6581097,1925,PRD
3,PRD,http://www.wikidata.org/entity/Q6581097,1925,PRD
3,PRD,http://www.wikidata.org/entity/Q6581097,1925,PRD
3,PRD,http://www.wikidata.org/entity/Q6581097,1925,PRD
3,PRD,http://www.wikidata.org/entity/Q6581097,1926,PRD
3,PRD,http://www.wikidata.org/entity/Q6581097,1926,PRD
3,PRD,http://www.wikidata.org/entity/Q6581097,1927,PRD
3,PRD,http://www.wikidata.org/entity/Q6581097,1927,PRD
3,PRD,http://www.wikidata.org/entity/Q6581097,1927,PRD
3,PRD,http://www.wikidata.org/entity/Q6581097,1928,PRD
3,PRD,http://www.wikidata.org/entity/Q6581097,1928,PRD
3,PRD,http://www.wikidata.org/entity/Q6581097,1928,PRD
3,PRD,http://www.wikidata.org/entity/Q6581097,1928,PRD
3,PRD,http://www.wikidata.org/entity/Q6581097,1928,PRD
3,PRD,http://www.wikidata.org/entity/Q6581097,1928,PRD
3,PRD,http://www.wikidata.org/entity/Q6581097,1928,PRD
3,PRD,http://www.wikidata.org/entity/Q6581097,1929,PRD
3,PRD,http://www.wikidata.org/entity/Q6581097,1929,PRD
3,PRD,http://www.wikidata.org/entity/Q6581097,1929,PRD
3,PRD,http://www.wikidata.org/entity/Q6581097,1929,PRD
3,PRD,http://www.wikidata.org/entity/Q6581097,1929,PRD
3,PRD,http://www.wikidata.org/entity/Q6581097,1930,PRD
3,PRD,http://www.wikidata.org/entity/Q6581097,1930,PRD
3,PRD,http://www.wikidata.org/entity/Q6581097,1930,PRD
3,PRD,http://www.wikidata.org/entity/Q6581097,1930,PRD
3,PRD,http://www.wikidata.org/entity/Q6581097,1930,PRD
3,PRD,http://www.wikidata.org/entity/Q6581097,1931,PRD
3,PRD,http://www.wikidata.org/entity/Q6581097,1931,PRD
3,PRD,http://www.wikidata.org/entity/Q6581097,1931,PRD
3,PRD,http://www.wikidata.org/entity/Q6581097,1931,PRD
3,PRD,http://www.wikidata.org/entity/Q6581097,1931,PRD
3,PRD,http://www.wikidata.org/entity/Q6581097,1931,PRD
3,PRD,http://www.wikidata.org/entity/Q6581097,1931,PRD
3,PRD,http://www.wikidata.org/entity/Q6581097,1931,PRD
3,PRD,http://www.wikidata.org/entity/Q6581097,1932,PRD
3,PRD,http://www.wikidata.org/entity/Q6581097,1932,PRD
3,PRD,http://www.wikidata.org/entity/Q6581097,1932,PRD
3,PRD,http://www.wikidata.org/entity/Q6581097,1933,PRD
3,PRD,http://www.wikidata.org/entity/Q6581097,1933,PRD
3,PRD,http://www.wikidata.org/entity/Q6581097,1933,PRD
3,PRD,http://www.wikidata.org/entity/Q6581097,1934,PRD
3,PRD,http://www.wikidata.org/entity/Q6581097,1934,PRD
3,PRD,http://www.wikidata.org/entity/Q6581097,1935,PRD
3,PRD,http://www.wikidata.org/entity/Q6581097,1935,PRD
3,PRD,http://www.wikidata.org/entity/Q6581097,1935,PRD
3,PRD,http://www.wikidata.org/entity/Q6581097,1935,PRD
3,PRD,http://www.wikidata.org/entity/Q6581097,1936,PRD
3,PRD,http://www.wikidata.org/entity/Q6581097,1936,PRD
3,PRD,http://www.wikidata.org/entity/Q6581097,1936,PRD
3,PRD,http://www.wikidata.org/entity/Q6581097,1936,PRD
3,PRD,http://www.wikidata.org/entity/Q6581097,1938,PRD
3,PRD,http://www.wikidata.org/entity/Q6581097,1938,PRD
3,PRD,http://www.wikidata.org/entity/Q6581097,1938,PRD
3,PRD,http://www.wikidata.org/entity/Q6581097,1939,PRD
3,PRD,http://www.wikidata.org/entity/Q6581097,1939,PRD
3,PRD,http://www.wikidata.org/entity/Q6581097,1939,PRD
3,PRD,http://www.wikidata.org/entity/Q6581097,1939,PRD
3,PRD,http://www.wikidata.org/entity/Q6581097,1940,PRD
3,PRD,http://www.wikidata.org/entity/Q6581097,1940,PRD
3,PRD,http://www.wikidata.org/entity/Q6581097,1940,PRD
3,PRD,http://www.wikidata.org/entity/Q6581097,1940,PRD
3,PRD,http://www.wikidata.org/entity/Q6581097,1940,PRD
3,PRD,http://www.wikidata.org/entity/Q6581097,1940,PRD
3,PRD,http://www.wikidata.org/entity/Q6581097,1940,PRD
3,PRD,http://www.wikidata.org/entity/Q6581097,1940,PRD
3,PRD,http://www.wikidata.org/entity/Q6581097,1940,PRD
3,PRD,http://www.wikidata.org/entity/Q6581097,1941,PRD
3,PRD,http://www.wikidata.org/entity/Q6581097,1941,PRD
3,PRD,http://www.wikidata.org/entity/Q6581097,1941,PRD
3,PRD,http://www.wikidata.org/entity/Q6581097,1941,PRD
3,PRD,http://www.wikidata.org/entity/Q6581097,1941,PRD
3,PRD,http://www.wikidata.org/entity/Q6581097,1941,PRD
3,PRD,http://www.wikidata.org/entity/Q6581097,1942,PRD
3,PRD,http://www.wikidata.org/entity/Q6581097,1942,PRD
3,PRD,http://www.wikidata.org/entity/Q6581097,1942,PRD
3,PRD,http://www.wikidata.org/entity/Q6581097,1942,PRD
3,PRD,http://www.wikidata.org/entity/Q6581097,1942,PRD
3,PRD,http://www.wikidata.org/entity/Q6581097,1942,PRD
3,PRD,http://www.wikidata.org/entity/Q6581097,1942,PRD
3,PRD,http://www.wikidata.org/entity/Q6581097,1942,PRD
3,PRD,http://www.wikidata.org/entity/Q6581097,1942,PRD
3,PRD,http://www.wikidata.org/entity/Q6581097,1943,PRD
3,PRD,http://www.wikidata.org/entity/Q6581097,1943,PRD
3,PRD,http://www.wikidata.org/entity/Q6581097,1943,PRD
3,PRD,http://www.wikidata.org/entity/Q6581097,1943,PRD
3,PRD,http://www.wikidata.org/entity/Q6581097,1943,PRD
3,PRD,http://www.wikidata.org/entity/Q6581097,1943,PRD
3,PRD,http://www.wikidata.org/entity/Q6581097,1943,PRD
3,PRD,http://www.wikidata.org/entity/Q6581097,1943,PRD
3,PRD,http://www.wikidata.org/entity/Q6581097,1943,PRD
3,PRD,http://www.wikidata.org/entity/Q6581097,1943,PRD
3,PRD,http://www.wikidata.org/entity/Q6581097,1943,PRD
3,PRD,http://www.wikidata.org/entity/Q6581097,1943,PRD
3,PRD,http://www.wikidata.org/entity/Q6581097,1944,PRD
3,PRD,http://www.wikidata.org/entity/Q6581097,1944,PRD
3,PRD,http://www.wikidata.org/entity/Q6581097,1944,PRD
3,PRD,http://www.wikidata.org/entity/Q6581097,1944,PRD
3,PRD,http://www.wikidata.org/entity/Q6581097,1944,PRD
3,PRD,http://www.wikidata.org/entity/Q6581097,1945,PRD
3,PRD,http://www.wikidata.org/entity/Q6581097,1945,PRD
3,PRD,http://www.wikidata.org/entity/Q6581097,1945,PRD
3,PRD,http://www.wikidata.org/entity/Q6581097,1945,PRD
3,PRD,http://www.wikidata.org/entity/Q6581097,1945,PRD
3,PRD,http://www.wikidata.org/entity/Q6581097,1945,PRD
3,PRD,http://www.wikidata.org/entity/Q6581097,1945,PRD
3,PRD,http://www.wikidata.org/entity/Q6581097,1946,PRD
3,PRD,http://www.wikidata.org/entity/Q6581097,1946,PRD
3,PRD,http://www.wikidata.org/entity/Q6581097,1946,PRD
3,PRD,http://www.wikidata.org/entity/Q6581097,1946,PRD
3,PRD,http://www.wikidata.org/entity/Q6581097,1947,PRD
3,PRD,http://www.wikidata.org/entity/Q6581097,1948,PRD
3,PRD,http://www.wikidata.org/entity/Q6581097,1948,PRD
3,PRD,http://www.wikidata.org/entity/Q6581097,1948,PRD
3,PRD,http://www.wikidata.org/entity/Q6581097,1948,PRD
3,PRD,http://www.wikidata.org/entity/Q6581097,1948,PRD
3,PRD,http://www.wikidata.org/entity/Q6581097,1948,PRD
3,PRD,http://www.wikidata.org/entity/Q6581097,1949,PRD
3,PRD,http://www.wikidata.org/entity/Q6581097,1949,PRD
3,PRD,http://www.wikidata.org/entity/Q6581097,1949,PRD
3,PRD,http://www.wikidata.org/entity/Q6581097,1949,PRD
3,PRD,http://www.wikidata.org/entity/Q6581097,1950,PRD
3,PRD,http://www.wikidata.org/entity/Q6581097,1950,PRD
3,PRD,http://www.wikidata.org/entity/Q6581097,1950,PRD
3,PRD,http://www.wikidata.org/entity/Q6581097,1950,PRD
3,PRD,http://www.wikidata.org/entity/Q6581097,1950,PRD
3,PRD,http://www.wikidata.org/entity/Q6581097,1950,PRD
3,PRD,http://www.wikidata.org/entity/Q6581097,1951,PRD
3,PRD,http://www.wikidata.org/entity/Q6581097,1951,PRD
3,PRD,http://www.wikidata.org/entity/Q6581097,1951,PRD
3,PRD,http://www.wikidata.org/entity/Q6581097,1951,PRD
3,PRD,http://www.wikidata.org/entity/Q6581097,1952,PRD
3,PRD,http://www.wikidata.org/entity/Q6581097,1952,PRD
3,PRD,http://www.wikidata.org/entity/Q6581097,1952,PRD
3,PRD,http://www.wikidata.org/entity/Q6581097,1952,PRD
3,PRD,http://www.wikidata.org/entity/Q6581097,1952,PRD
3,PRD,http://www.wikidata.org/entity/Q6581097,1952,PRD
3,PRD,http://www.wikidata.org/entity/Q6581097,1952,PRD
3,PRD,http://www.wikidata.org/entity/Q6581097,1952,PRD
3,PRD,http://www.wikidata.org/entity/Q6581097,1954,PRD
3,PRD,http://www.wikidata.org/entity/Q6581097,1954,PRD
3,PRD,http://www.wikidata.org/entity/Q6581097,1954,PRD
3,PRD,http://www.wikidata.org/entity/Q6581097,1954,PRD
3,PRD,http://www.wikidata.org/entity/Q6581097,1955,PRD
3,PRD,http://www.wikidata.org/entity/Q6581097,1955,PRD
3,PRD,http://www.wikidata.org/entity/Q6581097,1955,PRD
3,PRD,http://www.wikidata.org/entity/Q6581097,1956,PRD
3,PRD,http://www.wikidata.org/entity/Q6581097,1956,PRD
3,PRD,http://www.wikidata.org/entity/Q6581097,1957,PRD
3,PRD,http://www.wikidata.org/entity/Q6581097,1957,PRD
3,PRD,http://www.wikidata.org/entity/Q6581097,1958,PRD
3,PRD,http://www.wikidata.org/entity/Q6581097,1959,PRD
3,PRD,http://www.wikidata.org/entity/Q6581097,1960,PRD
3,PRD,http://www.wikidata.org/entity/Q6581097,1960,PRD
3,PRD,http://www.wikidata.org/entity/Q6581097,1960,PRD
3,PRD,http://www.wikidata.org/entity/Q6581097,1960,PRD
3,PRD,http://www.wikidata.org/entity/Q6581097,1960,PRD
3,PRD,http://www.wikidata.org/entity/Q6581097,1961,PRD
3,PRD,http://www.wikidata.org/entity/Q6581097,1962,PRD
3,PRD,http://www.wikidata.org/entity/Q6581097,1962,PRD
3,PRD,http://www.wikidata.org/entity/Q6581097,1962,PRD
3,PRD,http://www.wikidata.org/entity/Q6581097,1962,PRD
3,PRD,http://www.wikidata.org/entity/Q6581097,1963,PRD
3,PRD,http://www.wikidata.org/entity/Q6581097,1963,PRD
3,PRD,http://www.wikidata.org/entity/Q6581097,1963,PRD
3,PRD,http://www.wikidata.org/entity/Q6581097,1964,PRD
3,PRD,http://www.wikidata.org/entity/Q6581097,1964,PRD
3,PRD,http://www.wikidata.org/entity/Q6581097,1965,PRD
3,PRD,http://www.wikidata.org/entity/Q6581097,1966,PRD
3,PRD,http://www.wikidata.org/entity/Q6581097,1966,PRD
3,PRD,http://www.wikidata.org/entity/Q6581097,1966,PRD
3,PRD,http://www.wikidata.org/entity/Q6581097,1967,PRD
3,PRD,http://www.wikidata.org/entity/Q6581097,1968,PRD
3,PRD,http://www.wikidata.org/entity/Q6581097,1969,PRD
3,PRD,http://www.wikidata.org/entity/Q6581097,1970,PRD
3,PRD,http://www.wikidata.org/entity/Q6581097,1971,PRD
3,PRD,http://www.wikidata.org/entity/Q6581097,1972,PRD
3,PRD,http://www.wikidata.org/entity/Q6581097,1975,PRD
3,PRD,http://www.wikidata.org/entity/Q6581097,1976,PRD
3,PRD,http://www.wikidata.org/entity/Q6581097,1977,PRD
3,PRD,http://www.wikidata.org/entity/Q6581097,1978,PRD
3,PRD,http://www.wikidata.org/entity/Q6581097,1980,PRD
3,PRD,http://www.wikidata.org/entity/Q6581097,1981,PRD
3,PRD,http://www.wikidata.org/entity/Q6581097,1982,PRD
3,PRD,http://www.wikidata.org/entity/Q6581097,1982,PRD
3,PRD,http://www.wikidata.org/entity/Q6581097,1988,PRD
4,FN,http://www.wikidata.org/entity/Q6581097,1901,FN
5,CF,http://www.wikidata.org/entity/Q6581097,1901,CF
6,NeF,http://www.wikidata.org/entity/Q6581097,1901,NeF
7,PLS,http://www.wikidata.org/entity/Q6581072,1922,PLS
7,PLS,http://www.wikidata.org/entity/Q6581072,1942,PLS
7,PLS,http://www.wikidata.org/entity/Q6581072,1944,PLS
7,PLS,http://www.wikidata.org/entity/Q6581072,1951,PLS
7,PLS,http://www.wikidata.org/entity/Q6581072,1961,PLS
7,PLS,http://www.wikidata.org/entity/Q6581097,1901,PLS
7,PLS,http://www.wikidata.org/entity/Q6581097,1904,PLS
7,PLS,http://www.wikidata.org/entity/Q6581097,1905,PLS
7,PLS,http://www.wikidata.org/entity/Q6581097,1905,PLS
7,PLS,http://www.wikidata.org/entity/Q6581097,1909,PLS
7,PLS,http://www.wikidata.org/entity/Q6581097,1910,PLS
7,PLS,http://www.wikidata.org/entity/Q6581097,1911,PLS
7,PLS,http://www.wikidata.org/entity/Q6581097,1912,PLS
7,PLS,http://www.wikidata.org/entity/Q6581097,1913,PLS
7,PLS,http://www.wikidata.org/entity/Q6581097,1921,PLS
7,PLS,http://www.wikidata.org/entity/Q6581097,1922,PLS
7,PLS,http://www.wikidata.org/entity/Q6581097,1924,PLS
7,PLS,http://www.wikidata.org/entity/Q6581097,1925,PLS
7,PLS,http://www.wikidata.org/entity/Q6581097,1931,PLS
7,PLS,http://www.wikidata.org/entity/Q6581097,1932,PLS
7,PLS,http://www.wikidata.org/entity/Q6581097,1934,PLS
7,PLS,http://www.wikidata.org/entity/Q6581097,1934,PLS
7,PLS,http://www.wikidata.org/entity/Q6581097,1936,PLS
7,PLS,http://www.wikidata.org/entity/Q6581097,1936,PLS
7,PLS,http://www.wikidata.org/entity/Q6581097,1939,PLS
7,PLS,http://www.wikidata.org/entity/Q6581097,1942,PLS
7,PLS,http://www.wikidata.org/entity/Q6581097,1943,PLS
7,PLS,http://www.wikidata.org/entity/Q6581097,1946,PLS
7,PLS,http://www.wikidata.org/entity/Q6581097,1946,PLS
7,PLS,http://www.wikidata.org/entity/Q6581097,1946,PLS
7,PLS,http://www.wikidata.org/entity/Q6581097,1949,PLS
7,PLS,http://www.wikidata.org/entity/Q6581097,1951,PLS
7,PLS,http://www.wikidata.org/entity/Q6581097,1953,PLS
7,PLS,http://www.wikidata.org/entity/Q6581097,1955,PLS
8,ALL_IND,http://www.wikidata.org/entity/Q6581072,1939,ALL_IND
8,ALL_IND,http://www.wikidata.org/entity/Q6581072,1943,ALL_IND
8,ALL_IND,http://www.wikidata.org/entity/Q6581097,1902,ALL_IND
8,ALL_IND,http://www.wikidata.org/entity/Q6581097,1903,ALL_IND
8,ALL_IND,http://www.wikidata.org/entity/Q6581097,1905,ALL_IND
8,ALL_IND,http://www.wikidata.org/entity/Q6581097,1907,ALL_IND
8,ALL_IND,http://www.wikidata.org/entity/Q6581097,1908,ALL_IND
8,ALL_IND,http://www.wikidata.org/entity/Q6581097,1908,ALL_IND
8,ALL_IND,http://www.wikidata.org/entity/Q6581097,1909,ALL_IND
8,ALL_IND,http://www.wikidata.org/entity/Q6581097,1912,ALL_IND
8,ALL_IND,http://www.wikidata.org/entity/Q6581097,1914,ALL_IND
8,ALL_IND,http://www.wikidata.org/entity/Q6581097,1914,ALL_IND
8,ALL_IND,http://www.wikidata.org/entity/Q6581097,1915,ALL_IND
8,ALL_IND,http://www.wikidata.org/entity/Q6581097,1915,ALL_IND
8,ALL_IND,http://www.wikidata.org/entity/Q6581097,1915,ALL_IND
8,ALL_IND,http://www.wikidata.org/entity/Q6581097,1916,ALL_IND
8,ALL_IND,http://www.wikidata.org/entity/Q6581097,1919,ALL_IND
8,ALL_IND,http://www.wikidata.org/entity/Q6581097,1921,ALL_IND
8,ALL_IND,http://www.wikidata.org/entity/Q6581097,1923,ALL_IND
8,ALL_IND,http://www.wikidata.org/entity/Q6581097,1928,ALL_IND
8,ALL_IND,http://www.wikidata.org/entity/Q6581097,1933,ALL_IND
8,ALL_IND,http://www.wikidata.org/entity/Q6581097,1934,ALL_IND
8,ALL_IND,http://www.wikidata.org/entity/Q6581097,1938,ALL_IND
8,ALL_IND,http://www.wikidata.org/entity/Q6581097,1941,ALL_IND
8,ALL_IND,http://www.wikidata.org/entity/Q6581097,1943,ALL_IND
8,ALL_IND,http://www.wikidata.org/entity/Q6581097,1943,ALL_IND
8,ALL_IND,http://www.wikidata.org/entity/Q6581097,1944,ALL_IND
8,ALL_IND,http://www.wikidata.org/entity/Q6581097,1948,ALL_IND
9,PDS,http://www.wikidata.org/entity/Q6581097,1902,PDS
9,PDS,http://www.wikidata.org/entity/Q6581097,1903,PDS
9,PDS,http://www.wikidata.org/entity/Q6581097,1908,PDS
9,PDS,http://www.wikidata.org/entity/Q6581097,1925,PDS
10,FDP,http://www.wikidata.org/entity/Q6581097,1906,FDP
10,FDP,http://www.wikidata.org/entity/Q6581097,1916,FDP
11,PST,http://www.wikidata.org/entity/Q6581072,1923,PST
11,PST,http://www.wikidata.org/entity/Q6581072,1950,PST
11,PST,http://www.wikidata.org/entity/Q6581097,1906,PST
11,PST,http://www.wikidata.org/entity/Q6581097,1914,PST
11,PST,http://www.wikidata.org/entity/Q6581097,1920,PST
11,PST,http://www.wikidata.org/entity/Q6581097,1920,PST
11,PST,http://www.wikidata.org/entity/Q6581097,1944,PST
11,PST,http://www.wikidata.org/entity/Q6581097,1956,PST
11,PST,http://www.wikidata.org/entity/Q6581097,1960,PST
12,DS,http://www.wikidata.org/entity/Q6581097,1911,DS
12,DS,http://www.wikidata.org/entity/Q6581097,1911,DS
12,DS,http://www.wikidata.org/entity/Q6581097,1914,DS
12,DS,http://www.wikidata.org/entity/Q6581097,1930,DS
12,DS,http://www.wikidata.org/entity/Q6581097,1930,DS
12,DS,http://www.wikidata.org/entity/Q6581097,1931,DS
12,DS,http://www.wikidata.org/entity/Q6581097,1959,DS
12,DS,http://www.wikidata.org/entity/Q6581097,1966,DS
13,UDC,http://www.wikidata.org/entity/Q6581072,1921,UDC
13,UDC,http://www.wikidata.org/entity/Q6581072,1938,UDC
13,UDC,http://www.wikidata.org/entity/Q6581072,1945,UDC
13,UDC,http://www.wikidata.org/entity/Q6581072,1952,UDC
13,UDC,http://www.wikidata.org/entity/Q6581072,1954,UDC
13,UDC,http://www.wikidata.org/entity/Q6581072,1956,UDC
13,UDC,http://www.wikidata.org/entity/Q6581072,1959,UDC
13,UDC,http://www.wikidata.org/entity/Q6581072,1967,UDC
13,UDC,http://www.wikidata.org/entity/Q6581072,1968,UDC
13,UDC,http://www.wikidata.org/entity/Q6581072,1968,UDC
13,UDC,http://www.wikidata.org/entity/Q6581072,1969,UDC
13,UDC,http://www.wikidata.org/entity/Q6581072,1973,UDC
13,UDC,http://www.wikidata.org/entity/Q6581072,1976,UDC
13,UDC,http://www.wikidata.org/entity/Q6581072,1976,UDC
13,UDC,http://www.wikidata.org/entity/Q6581072,1976,UDC
13,UDC,http://www.wikidata.org/entity/Q6581072,1977,UDC
13,UDC,http://www.wikidata.org/entity/Q6581072,1978,UDC
13,UDC,http://www.wikidata.org/entity/Q6581072,1979,UDC
13,UDC,http://www.wikidata.org/entity/Q6581072,1980,UDC
13,UDC,http://www.wikidata.org/entity/Q6581072,1980,UDC
13,UDC,http://www.wikidata.org/entity/Q6581072,1984,UDC
13,UDC,http://www.wikidata.org/entity/Q6581072,1984,UDC
13,UDC,http://www.wikidata.org/entity/Q6581072,1987,UDC
13,UDC,http://www.wikidata.org/entity/Q6581072,1996,UDC
13,UDC,http://www.wikidata.org/entity/Q6581097,1911,UDC
13,UDC,http://www.wikidata.org/entity/Q6581097,1913,UDC
13,UDC,http://www.wikidata.org/entity/Q6581097,1914,UDC
13,UDC,http://www.wikidata.org/entity/Q6581097,1915,UDC
13,UDC,http://www.wikidata.org/entity/Q6581097,1916,UDC
13,UDC,http://www.wikidata.org/entity/Q6581097,1917,UDC
13,UDC,http://www.wikidata.org/entity/Q6581097,1920,UDC
13,UDC,http://www.wikidata.org/entity/Q6581097,1922,UDC
13,UDC,http://www.wikidata.org/entity/Q6581097,1922,UDC
13,UDC,http://www.wikidata.org/entity/Q6581097,1922,UDC
13,UDC,http://www.wikidata.org/entity/Q6581097,1922,UDC
13,UDC,http://www.wikidata.org/entity/Q6581097,1923,UDC
13,UDC,http://www.wikidata.org/entity/Q6581097,1924,UDC
13,UDC,http://www.wikidata.org/entity/Q6581097,1924,UDC
13,UDC,http://www.wikidata.org/entity/Q6581097,1925,UDC
13,UDC,http://www.wikidata.org/entity/Q6581097,1925,UDC
13,UDC,http://www.wikidata.org/entity/Q6581097,1927,UDC
13,UDC,http://www.wikidata.org/entity/Q6581097,1927,UDC
13,UDC,http://www.wikidata.org/entity/Q6581097,1929,UDC
13,UDC,http://www.wikidata.org/entity/Q6581097,1929,UDC
13,UDC,http://www.wikidata.org/entity/Q6581097,1929,UDC
13,UDC,http://www.wikidata.org/entity/Q6581097,1929,UDC
13,UDC,http://www.wikidata.org/entity/Q6581097,1929,UDC
13,UDC,http://www.wikidata.org/entity/Q6581097,1930,UDC
13,UDC,http://www.wikidata.org/entity/Q6581097,1931,UDC
13,UDC,http://www.wikidata.org/entity/Q6581097,1931,UDC
13,UDC,http://www.wikidata.org/entity/Q6581097,1933,UDC
13,UDC,http://www.wikidata.org/entity/Q6581097,1933,UDC
13,UDC,http://www.wikidata.org/entity/Q6581097,1934,UDC
13,UDC,http://www.wikidata.org/entity/Q6581097,1935,UDC
13,UDC,http://www.wikidata.org/entity/Q6581097,1937,UDC
13,UDC,http://www.wikidata.org/entity/Q6581097,1937,UDC
13,UDC,http://www.wikidata.org/entity/Q6581097,1938,UDC
13,UDC,http://www.wikidata.org/entity/Q6581097,1938,UDC
13,UDC,http://www.wikidata.org/entity/Q6581097,1940,UDC
13,UDC,http://www.wikidata.org/entity/Q6581097,1940,UDC
13,UDC,http://www.wikidata.org/entity/Q6581097,1941,UDC
13,UDC,http://www.wikidata.org/entity/Q6581097,1942,UDC
13,UDC,http://www.wikidata.org/entity/Q6581097,1942,UDC
13,UDC,http://www.wikidata.org/entity/Q6581097,1942,UDC
13,UDC,http://www.wikidata.org/entity/Q6581097,1942,UDC
13,UDC,http://www.wikidata.org/entity/Q6581097,1942,UDC
13,UDC,http://www.wikidata.org/entity/Q6581097,1942,UDC
13,UDC,http://www.wikidata.org/entity/Q6581097,1942,UDC
13,UDC,http://www.wikidata.org/entity/Q6581097,1943,UDC
13,UDC,http://www.wikidata.org/entity/Q6581097,1943,UDC
13,UDC,http://www.wikidata.org/entity/Q6581097,1943,UDC
13,UDC,http://www.wikidata.org/entity/Q6581097,1943,UDC
13,UDC,http://www.wikidata.org/entity/Q6581097,1944,UDC
13,UDC,http://www.wikidata.org/entity/Q6581097,1944,UDC
13,UDC,http://www.wikidata.org/entity/Q6581097,1945,UDC
13,UDC,http://www.wikidata.org/entity/Q6581097,1945,UDC
13,UDC,http://www.wikidata.org/entity/Q6581097,1945,UDC
13,UDC,http://www.wikidata.org/entity/Q6581097,1946,UDC
13,UDC,http://www.wikidata.org/entity/Q6581097,1946,UDC
13,UDC,http://www.wikidata.org/entity/Q6581097,1946,UDC
13,UDC,http://www.wikidata.org/entity/Q6581097,1946,UDC
13,UDC,http://www.wikidata.org/entity/Q6581097,1946,UDC
13,UDC,http://www.wikidata.org/entity/Q6581097,1947,UDC
13,UDC,http://www.wikidata.org/entity/Q6581097,1947,UDC
13,UDC,http://www.wikidata.org/entity/Q6581097,1947,UDC
13,UDC,http://www.wikidata.org/entity/Q6581097,1947,UDC
13,UDC,http://www.wikidata.org/entity/Q6581097,1947,UDC
13,UDC,http://www.wikidata.org/entity/Q6581097,1947,UDC
13,UDC,http://www.wikidata.org/entity/Q6581097,1948,UDC
13,UDC,http://www.wikidata.org/entity/Q6581097,1948,UDC
13,UDC,http://www.wikidata.org/entity/Q6581097,1948,UDC
13,UDC,http://www.wikidata.org/entity/Q6581097,1948,UDC
13,UDC,http://www.wikidata.org/entity/Q6581097,1949,UDC
13,UDC,http://www.wikidata.org/entity/Q6581097,1949,UDC
13,UDC,http://www.wikidata.org/entity/Q6581097,1950,UDC
13,UDC,http://www.wikidata.org/entity/Q6581097,1950,UDC
13,UDC,http://www.wikidata.org/entity/Q6581097,1950,UDC
13,UDC,http://www.wikidata.org/entity/Q6581097,1951,UDC
13,UDC,http://www.wikidata.org/entity/Q6581097,1951,UDC
13,UDC,http://www.wikidata.org/entity/Q6581097,1951,UDC
13,UDC,http://www.wikidata.org/entity/Q6581097,1952,UDC
13,UDC,http://www.wikidata.org/entity/Q6581097,1952,UDC
13,UDC,http://www.wikidata.org/entity/Q6581097,1952,UDC
13,UDC,http://www.wikidata.org/entity/Q6581097,1952,UDC
13,UDC,http://www.wikidata.org/entity/Q6581097,1952,UDC
13,UDC,http://www.wikidata.org/entity/Q6581097,1952,UDC
13,UDC,http://www.wikidata.org/entity/Q6581097,1952,UDC
13,UDC,http://www.wikidata.org/entity/Q6581097,1953,UDC
13,UDC,http://www.wikidata.org/entity/Q6581097,1953,UDC
13,UDC,http://www.wikidata.org/entity/Q6581097,1953,UDC
13,UDC,http://www.wikidata.org/entity/Q6581097,1953,UDC
13,UDC,http://www.wikidata.org/entity/Q6581097,1953,UDC
13,UDC,http://www.wikidata.org/entity/Q6581097,1955,UDC
13,UDC,http://www.wikidata.org/entity/Q6581097,1955,UDC
13,UDC,http://www.wikidata.org/entity/Q6581097,1957,UDC
13,UDC,http://www.wikidata.org/entity/Q6581097,1957,UDC
13,UDC,http://www.wikidata.org/entity/Q6581097,1958,UDC
13,UDC,http://www.wikidata.org/entity/Q6581097,1958,UDC
13,UDC,http://www.wikidata.org/entity/Q6581097,1958,UDC
13,UDC,http://www.wikidata.org/entity/Q6581097,1958,UDC
13,UDC,http://www.wikidata.org/entity/Q6581097,1959,UDC
13,UDC,http://www.wikidata.org/entity/Q6581097,1959,UDC
13,UDC,http://www.wikidata.org/entity/Q6581097,1959,UDC
13,UDC,http://www.wikidata.org/entity/Q6581097,1960,UDC
13,UDC,http://www.wikidata.org/entity/Q6581097,1960,UDC
13,UDC,http://www.wikidata.org/entity/Q6581097,1960,UDC
13,UDC,http://www.wikidata.org/entity/Q6581097,1960,UDC
13,UDC,http://www.wikidata.org/entity/Q6581097,1961,UDC
13,UDC,http://www.wikidata.org/entity/Q6581097,1961,UDC
13,UDC,http://www.wikidata.org/entity/Q6581097,1962,UDC
13,UDC,http://www.wikidata.org/entity/Q6581097,1962,UDC
13,UDC,http://www.wikidata.org/entity/Q6581097,1962,UDC
13,UDC,http://www.wikidata.org/entity/Q6581097,1962,UDC
13,UDC,http://www.wikidata.org/entity/Q6581097,1962,UDC
13,UDC,http://www.wikidata.org/entity/Q6581097,1963,UDC
13,UDC,http://www.wikidata.org/entity/Q6581097,1963,UDC
13,UDC,http://www.wikidata.org/entity/Q6581097,1964,UDC
13,UDC,http://www.wikidata.org/entity/Q6581097,1964,UDC
13,UDC,http://www.wikidata.org/entity/Q6581097,1965,UDC
13,UDC,http://www.wikidata.org/entity/Q6581097,1965,UDC
13,UDC,http://www.wikidata.org/entity/Q6581097,1965,UDC
13,UDC,http://www.wikidata.org/entity/Q6581097,1966,UDC
13,UDC,http://www.wikidata.org/entity/Q6581097,1966,UDC
13,UDC,http://www.wikidata.org/entity/Q6581097,1966,UDC
13,UDC,http://www.wikidata.org/entity/Q6581097,1966,UDC
13,UDC,http://www.wikidata.org/entity/Q6581097,1966,UDC
13,UDC,http://www.wikidata.org/entity/Q6581097,1966,UDC
13,UDC,http://www.wikidata.org/entity/Q6581097,1966,UDC
13,UDC,http://www.wikidata.org/entity/Q6581097,1966,UDC
13,UDC,http://www.wikidata.org/entity/Q6581097,1967,UDC
13,UDC,http://www.wikidata.org/entity/Q6581097,1967,UDC
13,UDC,http://www.wikidata.org/entity/Q6581097,1967,UDC
13,UDC,http://www.wikidata.org/entity/Q6581097,1968,UDC
13,UDC,http://www.wikidata.org/entity/Q6581097,1969,UDC
13,UDC,http://www.wikidata.org/entity/Q6581097,1969,UDC
13,UDC,http://www.wikidata.org/entity/Q6581097,1969,UDC
13,UDC,http://www.wikidata.org/entity/Q6581097,1969,UDC
13,UDC,http://www.wikidata.org/entity/Q6581097,1969,UDC
13,UDC,http://www.wikidata.org/entity/Q6581097,1971,UDC
13,UDC,http://www.wikidata.org/entity/Q6581097,1971,UDC
13,UDC,http://www.wikidata.org/entity/Q6581097,1971,UDC
13,UDC,http://www.wikidata.org/entity/Q6581097,1972,UDC
13,UDC,http://www.wikidata.org/entity/Q6581097,1972,UDC
13,UDC,http://www.wikidata.org/entity/Q6581097,1972,UDC
13,UDC,http://www.wikidata.org/entity/Q6581097,1973,UDC
13,UDC,http://www.wikidata.org/entity/Q6581097,1974,UDC
13,UDC,http://www.wikidata.org/entity/Q6581097,1974,UDC
13,UDC,http://www.wikidata.org/entity/Q6581097,1977,UDC
13,UDC,http://www.wikidata.org/entity/Q6581097,1978,UDC
13,UDC,http://www.wikidata.org/entity/Q6581097,1979,UDC
13,UDC,http://www.wikidata.org/entity/Q6581097,1979,UDC
13,UDC,http://www.wikidata.org/entity/Q6581097,1979,UDC
13,UDC,http://www.wikidata.org/entity/Q6581097,1979,UDC
13,UDC,http://www.wikidata.org/entity/Q6581097,1979,UDC
13,UDC,http://www.wikidata.org/entity/Q6581097,1980,UDC
13,UDC,http://www.wikidata.org/entity/Q6581097,1980,UDC
13,UDC,http://www.wikidata.org/entity/Q6581097,1981,UDC
13,UDC,http://www.wikidata.org/entity/Q6581097,1981,UDC
13,UDC,http://www.wikidata.org/entity/Q6581097,1981,UDC
13,UDC,http://www.wikidata.org/entity/Q6581097,1981,UDC
13,UDC,http://www.wikidata.org/entity/Q6581097,1982,UDC
13,UDC,http://www.wikidata.org/entity/Q6581097,1982,UDC
13,UDC,http://www.wikidata.org/entity/Q6581097,1982,UDC
13,UDC,http://www.wikidata.org/entity/Q6581097,1988,UDC
13,UDC,http://www.wikidata.org/entity/Q6581097,1991,UDC
13,UDC,http://www.wikidata.org/entity/Q6581097,1992,UDC
14,PEV,http://www.wikidata.org/entity/Q6581072,1948,PEV
14,PEV,http://www.wikidata.org/entity/Q6581072,1957,PEV
14,PEV,http://www.wikidata.org/entity/Q6581072,1977,PEV
14,PEV,http://www.wikidata.org/entity/Q6581097,1911,PEV
14,PEV,http://www.wikidata.org/entity/Q6581097,1917,PEV
14,PEV,http://www.wikidata.org/entity/Q6581097,1927,PEV
14,PEV,http://www.wikidata.org/entity/Q6581097,1932,PEV
14,PEV,http://www.wikidata.org/entity/Q6581097,1941,PEV
14,PEV,http://www.wikidata.org/entity/Q6581097,1946,PEV
14,PEV,http://www.wikidata.org/entity/Q6581097,1949,PEV
14,PEV,http://www.wikidata.org/entity/Q6581097,1970,PEV
14,PEV,http://www.wikidata.org/entity/Q6581097,1974,PEV
15,MR,http://www.wikidata.org/entity/Q6581097,1914,MR
15,MR,http://www.wikidata.org/entity/Q6581097,1924,MR
15,MR,http://www.wikidata.org/entity/Q6581097,1932,MR
15,MR,http://www.wikidata.org/entity/Q6581097,1947,MR
15,MR,http://www.wikidata.org/entity/Q6581097,1951,MR
15,MR,http://www.wikidata.org/entity/Q6581097,1953,MR
16,Verts,http://www.wikidata.org/entity/Q6581072,1936,Verts
16,Verts,http://www.wikidata.org/entity/Q6581072,1937,Verts
16,Verts,http://www.wikidata.org/entity/Q6581072,1938,Verts
16,Verts,http://www.wikidata.org/entity/Q6581072,1943,Verts
16,Verts,http://www.wikidata.org/entity/Q6581072,1944,Verts
16,Verts,http://www.wikidata.org/entity/Q6581072,1945,Verts
16,Verts,http://www.wikidata.org/entity/Q6581072,1945,Verts
16,Verts,http://www.wikidata.org/entity/Q6581072,1947,Verts
16,Verts,http://www.wikidata.org/entity/Q6581072,1948,Verts
16,Verts,http://www.wikidata.org/entity/Q6581072,1948,Verts
16,Verts,http://www.wikidata.org/entity/Q6581072,1949,Verts
16,Verts,http://www.wikidata.org/entity/Q6581072,1949,Verts
16,Verts,http://www.wikidata.org/entity/Q6581072,1950,Verts
16,Verts,http://www.wikidata.org/entity/Q6581072,1951,Verts
16,Verts,http://www.wikidata.org/entity/Q6581072,1953,Verts
16,Verts,http://www.wikidata.org/entity/Q6581072,1954,Verts
16,Verts,http://www.wikidata.org/entity/Q6581072,1956,Verts
16,Verts,http://www.wikidata.org/entity/Q6581072,1957,Verts
16,Verts,http://www.wikidata.org/entity/Q6581072,1958,Verts
16,Verts,http://www.wikidata.org/entity/Q6581072,1959,Verts
16,Verts,http://www.wikidata.org/entity/Q6581072,1959,Verts
16,Verts,http://www.wikidata.org/entity/Q6581072,1959,Verts
16,Verts,http://www.wikidata.org/entity/Q6581072,1960,Verts
16,Verts,http://www.wikidata.org/entity/Q6581072,1960,Verts
16,Verts,http://www.wikidata.org/entity/Q6581072,1962,Verts
16,Verts,http://www.wikidata.org/entity/Q6581072,1962,Verts
16,Verts,http://www.wikidata.org/entity/Q6581072,1963,Verts
16,Verts,http://www.wikidata.org/entity/Q6581072,1967,Verts
16,Verts,http://www.wikidata.org/entity/Q6581072,1970,Verts
16,Verts,http://www.wikidata.org/entity/Q6581072,1971,Verts
16,Verts,http://www.wikidata.org/entity/Q6581072,1973,Verts
16,Verts,http://www.wikidata.org/entity/Q6581072,1975,Verts
16,Verts,http://www.wikidata.org/entity/Q6581072,1975,Verts
16,Verts,http://www.wikidata.org/entity/Q6581072,1975,Verts
16,Verts,http://www.wikidata.org/entity/Q6581072,1976,Verts
16,Verts,http://www.wikidata.org/entity/Q6581072,1980,Verts
16,Verts,http://www.wikidata.org/entity/Q6581072,1980,Verts
16,Verts,http://www.wikidata.org/entity/Q6581072,1982,Verts
16,Verts,http://www.wikidata.org/entity/Q6581072,1983,Verts
16,Verts,http://www.wikidata.org/entity/Q6581072,1983,Verts
16,Verts,http://www.wikidata.org/entity/Q6581072,1987,Verts
16,Verts,http://www.wikidata.org/entity/Q6581072,1988,Verts
16,Verts,http://www.wikidata.org/entity/Q6581072,1989,Verts
16,Verts,http://www.wikidata.org/entity/Q6581072,1991,Verts
16,Verts,http://www.wikidata.org/entity/Q6581072,1992,Verts
16,Verts,http://www.wikidata.org/entity/Q6581097,1924,Verts
16,Verts,http://www.wikidata.org/entity/Q6581097,1933,Verts
16,Verts,http://www.wikidata.org/entity/Q6581097,1938,Verts
16,Verts,http://www.wikidata.org/entity/Q6581097,1940,Verts
16,Verts,http://www.wikidata.org/entity/Q6581097,1941,Verts
16,Verts,http://www.wikidata.org/entity/Q6581097,1946,Verts
16,Verts,http://www.wikidata.org/entity/Q6581097,1947,Verts
16,Verts,http://www.wikidata.org/entity/Q6581097,1949,Verts
16,Verts,http://www.wikidata.org/entity/Q6581097,1950,Verts
16,Verts,http://www.wikidata.org/entity/Q6581097,1950,Verts
16,Verts,http://www.wikidata.org/entity/Q6581097,1950,Verts
16,Verts,http://www.wikidata.org/entity/Q6581097,1951,Verts
16,Verts,http://www.wikidata.org/entity/Q6581097,1952,Verts
16,Verts,http://www.wikidata.org/entity/Q6581097,1952,Verts
16,Verts,http://www.wikidata.org/entity/Q6581097,1953,Verts
16,Verts,http://www.wikidata.org/entity/Q6581097,1954,Verts
16,Verts,http://www.wikidata.org/entity/Q6581097,1955,Verts
16,Verts,http://www.wikidata.org/entity/Q6581097,1956,Verts
16,Verts,http://www.wikidata.org/entity/Q6581097,1958,Verts
16,Verts,http://www.wikidata.org/entity/Q6581097,1960,Verts
16,Verts,http://www.wikidata.org/entity/Q6581097,1962,Verts
16,Verts,http://www.wikidata.org/entity/Q6581097,1966,Verts
16,Verts,http://www.wikidata.org/entity/Q6581097,1967,Verts
16,Verts,http://www.wikidata.org/entity/Q6581097,1969,Verts
16,Verts,http://www.wikidata.org/entity/Q6581097,1972,Verts
16,Verts,http://www.wikidata.org/entity/Q6581097,1976,Verts
16,Verts,http://www.wikidata.org/entity/Q6581097,1976,Verts
16,Verts,http://www.wikidata.org/entity/Q6581097,1977,Verts
16,Verts,http://www.wikidata.org/entity/Q6581097,1978,Verts
16,Verts,http://www.wikidata.org/entity/Q6581097,1980,Verts
16,Verts,http://www.wikidata.org/entity/Q6581097,1980,Verts
16,Verts,http://www.wikidata.org/entity/Q6581097,1983,Verts
17,PBD,http://www.wikidata.org/entity/Q6581072,1938,PBD
17,PBD,http://www.wikidata.org/entity/Q6581072,1948,PBD
17,PBD,http://www.wikidata.org/entity/Q6581072,1951,PBD
17,PBD,http://www.wikidata.org/entity/Q6581072,1960,PBD
17,PBD,http://www.wikidata.org/entity/Q6581097,1925,PBD
17,PBD,http://www.wikidata.org/entity/Q6581097,1947,PBD
17,PBD,http://www.wikidata.org/entity/Q6581097,1948,PBD
17,PBD,http://www.wikidata.org/entity/Q6581097,1953,PBD
17,PBD,http://www.wikidata.org/entity/Q6581097,1955,PBD
17,PBD,http://www.wikidata.org/entity/Q6581097,1955,PBD
17,PBD,http://www.wikidata.org/entity/Q6581097,1955,PBD
17,PBD,http://www.wikidata.org/entity/Q6581097,1955,PBD
17,PBD,http://www.wikidata.org/entity/Q6581097,1956,PBD
17,PBD,http://www.wikidata.org/entity/Q6581097,1963,PBD
17,PBD,http://www.wikidata.org/entity/Q6581097,1968,PBD
17,PBD,http://www.wikidata.org/entity/Q6581097,1972,PBD
18,IND,http://www.wikidata.org/entity/Q6581097,1930,IND
18,IND,http://www.wikidata.org/entity/Q6581097,1958,IND
19,NA,http://www.wikidata.org/entity/Q6581097,1931,NA
20,PSA,http://www.wikidata.org/entity/Q6581097,1936,PSA
21,PCSI,http://www.wikidata.org/entity/Q6581097,1940,PCSI
22,lega,http://www.wikidata.org/entity/Q6581072,1965,lega
22,lega,http://www.wikidata.org/entity/Q6581097,1943,lega
22,lega,http://www.wikidata.org/entity/Q6581097,1945,lega
22,lega,http://www.wikidata.org/entity/Q6581097,1950,lega
22,lega,http://www.wikidata.org/entity/Q6581097,1959,lega
22,lega,http://www.wikidata.org/entity/Q6581097,1974,lega
22,lega,http://www.wikidata.org/entity/Q6581097,1977,lega
23,PLR,http://www.wikidata.org/entity/Q6581072,1948,PLR
23,PLR,http://www.wikidata.org/entity/Q6581072,1950,PLR
23,PLR,http://www.wikidata.org/entity/Q6581072,1955,PLR
23,PLR,http://www.wikidata.org/entity/Q6581072,1956,PLR
23,PLR,http://www.wikidata.org/entity/Q6581072,1957,PLR
23,PLR,http://www.wikidata.org/entity/Q6581072,1960,PLR
23,PLR,http://www.wikidata.org/entity/Q6581072,1961,PLR
23,PLR,http://www.wikidata.org/entity/Q6581072,1961,PLR
23,PLR,http://www.wikidata.org/entity/Q6581072,1966,PLR
23,PLR,http://www.wikidata.org/entity/Q6581072,1967,PLR
23,PLR,http://www.wikidata.org/entity/Q6581072,1967,PLR
23,PLR,http://www.wikidata.org/entity/Q6581072,1968,PLR
23,PLR,http://www.wikidata.org/entity/Q6581072,1969,PLR
23,PLR,http://www.wikidata.org/entity/Q6581072,1970,PLR
23,PLR,http://www.wikidata.org/entity/Q6581072,1975,PLR
23,PLR,http://www.wikidata.org/entity/Q6581072,1976,PLR
23,PLR,http://www.wikidata.org/entity/Q6581072,1978,PLR
23,PLR,http://www.wikidata.org/entity/Q6581097,1943,PLR
23,PLR,http://www.wikidata.org/entity/Q6581097,1947,PLR
23,PLR,http://www.wikidata.org/entity/Q6581097,1951,PLR
23,PLR,http://www.wikidata.org/entity/Q6581097,1951,PLR
23,PLR,http://www.wikidata.org/entity/Q6581097,1951,PLR
23,PLR,http://www.wikidata.org/entity/Q6581097,1952,PLR
23,PLR,http://www.wikidata.org/entity/Q6581097,1952,PLR
23,PLR,http://www.wikidata.org/entity/Q6581097,1952,PLR
23,PLR,http://www.wikidata.org/entity/Q6581097,1955,PLR
23,PLR,http://www.wikidata.org/entity/Q6581097,1955,PLR
23,PLR,http://www.wikidata.org/entity/Q6581097,1955,PLR
23,PLR,http://www.wikidata.org/entity/Q6581097,1957,PLR
23,PLR,http://www.wikidata.org/entity/Q6581097,1957,PLR
23,PLR,http://www.wikidata.org/entity/Q6581097,1958,PLR
23,PLR,http://www.wikidata.org/entity/Q6581097,1958,PLR
23,PLR,http://www.wikidata.org/entity/Q6581097,1958,PLR
23,PLR,http://www.wikidata.org/entity/Q6581097,1959,PLR
23,PLR,http://www.wikidata.org/entity/Q6581097,1960,PLR
23,PLR,http://www.wikidata.org/entity/Q6581097,1960,PLR
23,PLR,http://www.wikidata.org/entity/Q6581097,1961,PLR
23,PLR,http://www.wikidata.org/entity/Q6581097,1961,PLR
23,PLR,http://www.wikidata.org/entity/Q6581097,1962,PLR
23,PLR,http://www.wikidata.org/entity/Q6581097,1962,PLR
23,PLR,http://www.wikidata.org/entity/Q6581097,1962,PLR
23,PLR,http://www.wikidata.org/entity/Q6581097,1962,PLR
23,PLR,http://www.wikidata.org/entity/Q6581097,1963,PLR
23,PLR,http://www.wikidata.org/entity/Q6581097,1963,PLR
23,PLR,http://www.wikidata.org/entity/Q6581097,1964,PLR
23,PLR,http://www.wikidata.org/entity/Q6581097,1965,PLR
23,PLR,http://www.wikidata.org/entity/Q6581097,1966,PLR
23,PLR,http://www.wikidata.org/entity/Q6581097,1966,PLR
23,PLR,http://www.wikidata.org/entity/Q6581097,1966,PLR
23,PLR,http://www.wikidata.org/entity/Q6581097,1968,PLR
23,PLR,http://www.wikidata.org/entity/Q6581097,1970,PLR
23,PLR,http://www.wikidata.org/entity/Q6581097,1972,PLR
23,PLR,http://www.wikidata.org/entity/Q6581097,1972,PLR
23,PLR,http://www.wikidata.org/entity/Q6581097,1974,PLR
23,PLR,http://www.wikidata.org/entity/Q6581097,1975,PLR
23,PLR,http://www.wikidata.org/entity/Q6581097,1975,PLR
23,PLR,http://www.wikidata.org/entity/Q6581097,1977,PLR
23,PLR,http://www.wikidata.org/entity/Q6581097,1977,PLR
23,PLR,http://www.wikidata.org/entity/Q6581097,1980,PLR
23,PLR,http://www.wikidata.org/entity/Q6581097,1980,PLR
23,PLR,http://www.wikidata.org/entity/Q6581097,1981,PLR
23,PLR,http://www.wikidata.org/entity/Q6581097,1981,PLR
23,PLR,http://www.wikidata.org/entity/Q6581097,1984,PLR
23,PLR,http://www.wikidata.org/entity/Q6581097,1994,PLR
24,POCH,http://www.wikidata.org/entity/Q6581072,1943,POCH
24,POCH,http://www.wikidata.org/entity/Q6581097,1947,POCH
25,PSL,http://www.wikidata.org/entity/Q6581097,1944,PSL
26,UDF,http://www.wikidata.org/entity/Q6581097,1948,UDF
26,UDF,http://www.wikidata.org/entity/Q6581097,1948,UDF
26,UDF,http://www.wikidata.org/entity/Q6581097,1955,UDF
26,UDF,http://www.wikidata.org/entity/Q6581097,1959,UDF
26,UDF,http://www.wikidata.org/entity/Q6581097,1971,UDF
27,PVL,http://www.wikidata.org/entity/Q6581072,1948,PVL
27,PVL,http://www.wikidata.org/entity/Q6581072,1949,PVL
27,PVL,http://www.wikidata.org/entity/Q6581072,1968,PVL
27,PVL,http://www.wikidata.org/entity/Q6581072,1971,PVL
27,PVL,http://www.wikidata.org/entity/Q6581072,1972,PVL
27,PVL,http://www.wikidata.org/entity/Q6581072,1972,PVL
27,PVL,http://www.wikidata.org/entity/Q6581072,1972,PVL
27,PVL,http://www.wikidata.org/entity/Q6581072,1977,PVL
27,PVL,http://www.wikidata.org/entity/Q6581072,1979,PVL
27,PVL,http://www.wikidata.org/entity/Q6581072,1979,PVL
27,PVL,http://www.wikidata.org/entity/Q6581072,1987,PVL
27,PVL,http://www.wikidata.org/entity/Q6581097,1951,PVL
27,PVL,http://www.wikidata.org/entity/Q6581097,1952,PVL
27,PVL,http://www.wikidata.org/entity/Q6581097,1954,PVL
27,PVL,http://www.wikidata.org/entity/Q6581097,1960,PVL
27,PVL,http://www.wikidata.org/entity/Q6581097,1964,PVL
27,PVL,http://www.wikidata.org/entity/Q6581097,1964,PVL
27,PVL,http://www.wikidata.org/entity/Q6581097,1964,PVL
27,PVL,http://www.wikidata.org/entity/Q6581097,1965,PVL
27,PVL,http://www.wikidata.org/entity/Q6581097,1965,PVL
27,PVL,http://www.wikidata.org/entity/Q6581097,1969,PVL
27,PVL,http://www.wikidata.org/entity/Q6581097,1969,PVL
27,PVL,http://www.wikidata.org/entity/Q6581097,1975,PVL
27,PVL,http://www.wikidata.org/entity/Q6581097,1975,PVL
27,PVL,http://www.wikidata.org/entity/Q6581097,1979,PVL
28,Sol,http://www.wikidata.org/entity/Q6581097,1954,Sol
29,AL,http://www.wikidata.org/entity/Q6581097,1956,AL
30,PCS,http://www.wikidata.org/entity/Q6581097,1956,PCS
31,LC,http://www.wikidata.org/entity/Q6581072,1957,LC
31,LC,http://www.wikidata.org/entity/Q6581072,1958,LC
31,LC,http://www.wikidata.org/entity/Q6581072,1958,LC
31,LC,http://www.wikidata.org/entity/Q6581072,1961,LC
31,LC,http://www.wikidata.org/entity/Q6581072,1962,LC
31,LC,http://www.wikidata.org/entity/Q6581072,1964,LC
31,LC,http://www.wikidata.org/entity/Q6581072,1964,LC
31,LC,http://www.wikidata.org/entity/Q6581072,1968,LC
31,LC,http://www.wikidata.org/entity/Q6581072,1970,LC
31,LC,http://www.wikidata.org/entity/Q6581072,1970,LC
31,LC,http://www.wikidata.org/entity/Q6581072,1971,LC
31,LC,http://www.wikidata.org/entity/Q6581072,1971,LC
31,LC,http://www.wikidata.org/entity/Q6581097,1958,LC
31,LC,http://www.wikidata.org/entity/Q6581097,1959,LC
31,LC,http://www.wikidata.org/entity/Q6581097,1961,LC
31,LC,http://www.wikidata.org/entity/Q6581097,1962,LC
31,LC,http://www.wikidata.org/entity/Q6581097,1962,LC
31,LC,http://www.wikidata.org/entity/Q6581097,1967,LC
31,LC,http://www.wikidata.org/entity/Q6581097,1971,LC
31,LC,http://www.wikidata.org/entity/Q6581097,1971,LC
31,LC,http://www.wikidata.org/entity/Q6581097,1971,LC
31,LC,http://www.wikidata.org/entity/Q6581097,1975,LC
31,LC,http://www.wikidata.org/entity/Q6581097,1981,LC
31,LC,http://www.wikidata.org/entity/Q6581097,1987,LC
32,MCG,http://www.wikidata.org/entity/Q6581097,1959,MCG
32,MCG,http://www.wikidata.org/entity/Q6581097,1959,MCG
33,SLB,http://www.wikidata.org/entity/Q6581097,1962,SLB
34,GB,http://www.wikidata.org/entity/Q6581072,1962,GB
35,EaG,http://www.wikidata.org/entity/Q6581072,1969,EaG
